/*
 Navicat Premium Dump SQL

 Source Server         : localhost_3306
 Source Server Type    : MySQL
 Source Server Version : 80039 (8.0.39)
 Source Host           : localhost:3306
 Source Schema         : yun-picture

 Target Server Type    : MySQL
 Target Server Version : 80039 (8.0.39)
 File Encoding         : 65001

 Date: 31/03/2026 16:06:16
*/

SET NAMES utf8mb4;
SET FOREIGN_KEY_CHECKS = 0;

-- ----------------------------
-- Table structure for picture
-- ----------------------------
DROP TABLE IF EXISTS `picture`;
CREATE TABLE `picture`  (
  `id` bigint NOT NULL AUTO_INCREMENT COMMENT 'id',
  `url` varchar(512) CHARACTER SET utf8mb4 COLLATE utf8mb4_unicode_ci NOT NULL COMMENT '图片 url',
  `name` varchar(128) CHARACTER SET utf8mb4 COLLATE utf8mb4_unicode_ci NOT NULL COMMENT '图片名称',
  `introduction` varchar(512) CHARACTER SET utf8mb4 COLLATE utf8mb4_unicode_ci NULL DEFAULT NULL COMMENT '简介',
  `category` varchar(64) CHARACTER SET utf8mb4 COLLATE utf8mb4_unicode_ci NULL DEFAULT NULL COMMENT '分类',
  `tags` varchar(512) CHARACTER SET utf8mb4 COLLATE utf8mb4_unicode_ci NULL DEFAULT NULL COMMENT '标签（Json数组）',
  `picSize` bigint NULL DEFAULT NULL COMMENT '图片体积',
  `picWidth` int NULL DEFAULT NULL COMMENT '图片宽度',
  `picHeight` int NULL DEFAULT NULL COMMENT '图片高度',
  `picScale` double NULL DEFAULT NULL COMMENT '图片宽高比例',
  `picFormat` varchar(32) CHARACTER SET utf8mb4 COLLATE utf8mb4_unicode_ci NULL DEFAULT NULL COMMENT '图片格式',
  `userId` bigint NOT NULL COMMENT '创建用户id',
  `createTime` datetime NOT NULL DEFAULT CURRENT_TIMESTAMP COMMENT '创建时间',
  `editTime` datetime NOT NULL DEFAULT CURRENT_TIMESTAMP COMMENT '编辑时间',
  `updateTime` datetime NOT NULL DEFAULT CURRENT_TIMESTAMP ON UPDATE CURRENT_TIMESTAMP COMMENT '更新时间',
  `isDelete` tinyint NOT NULL DEFAULT 0 COMMENT '是否删除',
  `reviewStatus` int NOT NULL DEFAULT 0 COMMENT '审核状态：0-待审核；1-通过；2-拒绝',
  `reviewReason` varchar(512) CHARACTER SET utf8mb4 COLLATE utf8mb4_unicode_ci NULL DEFAULT NULL COMMENT '审核信息',
  `reviewerId` bigint NULL DEFAULT NULL COMMENT '审核人id',
  `reviewTime` datetime NULL DEFAULT NULL COMMENT '审核时间',
  `thumbnailUrl` varchar(512) CHARACTER SET utf8mb4 COLLATE utf8mb4_unicode_ci NULL DEFAULT NULL COMMENT '缩略图url',
  `spaceId` bigint NULL DEFAULT NULL COMMENT '空间id(为空表示公共空间)',
  `originalUrl` varchar(512) CHARACTER SET utf8mb4 COLLATE utf8mb4_unicode_ci NULL DEFAULT NULL COMMENT '原始图片url',
  `picColor` varchar(16) CHARACTER SET utf8mb4 COLLATE utf8mb4_unicode_ci NULL DEFAULT NULL COMMENT '图片主色调',
  PRIMARY KEY (`id`) USING BTREE,
  INDEX `idx_name`(`name` ASC) USING BTREE,
  INDEX `idx_introduction`(`introduction` ASC) USING BTREE,
  INDEX `idx_category`(`category` ASC) USING BTREE,
  INDEX `idx_tags`(`tags` ASC) USING BTREE,
  INDEX `idx_userId`(`userId` ASC) USING BTREE,
  INDEX `idx_reviewStatus`(`reviewStatus` ASC) USING BTREE,
  INDEX `idx_spaceId`(`spaceId` ASC) USING BTREE
) ENGINE = InnoDB AUTO_INCREMENT = 2038890165659435011 CHARACTER SET = utf8mb4 COLLATE = utf8mb4_unicode_ci COMMENT = '图片' ROW_FORMAT = Dynamic;

-- ----------------------------
-- Records of picture
-- ----------------------------
INSERT INTO `picture` VALUES (2003696637690208258, 'https://yun-picture-1369372725.cos.ap-nanjing.myqcloud.com///public/2001915226368913409/2025-12-24_LDyEH3HTSeoQejnh.jpg', '', '黑', '', '[]', 1812768, 4026, 2358, 1.71, 'JPEG', 2001915226368913409, '2025-12-24 13:17:59', '2025-12-24 17:53:20', '2026-03-04 15:36:37', 0, 1, '管理员操作通过', 2001915226368913409, '2026-03-04 15:36:38', NULL, NULL, NULL, NULL);
INSERT INTO `picture` VALUES (2004034725893316609, 'https://yun-picture-1369372725.cos.ap-nanjing.myqcloud.com///public/2003012479758364673/2025-12-25_u5kd43YyUnivL9ZN.png', '', '测试2', '', '[]', 10172, 283, 200, 1.42, 'PNG', 2003012479758364673, '2025-12-25 11:41:26', '2025-12-25 11:44:43', '2025-12-25 11:45:33', 0, 1, '管理员自动过审', 2001915226368913409, '2025-12-25 11:45:33', NULL, NULL, NULL, NULL);
INSERT INTO `picture` VALUES (2005539263385153538, 'https://yun-picture-1369372725.cos.ap-nanjing.myqcloud.com///public/2001915226368913409/2025-12-29_189QprFYbVNlfSdY.jpeg', '表情包', NULL, NULL, NULL, 593166, 1290, 1012, 1.27, 'JPEG', 2001915226368913409, '2025-12-29 15:19:56', '2025-12-29 15:19:56', '2025-12-29 15:19:56', 0, 1, '管理员自动过审', 2001915226368913409, '2025-12-29 15:19:56', NULL, NULL, NULL, NULL);
INSERT INTO `picture` VALUES (2005546793171632129, 'https://yun-picture-1369372725.cos.ap-nanjing.myqcloud.com///public/2001915226368913409/2025-12-29_0YvnesYYUWZIUoiE.png', 'logo', NULL, NULL, NULL, 5667, 376, 376, 1, 'PNG', 2001915226368913409, '2025-12-29 15:49:51', '2025-12-29 15:49:51', '2025-12-29 15:49:51', 0, 1, '管理员自动过审', 2001915226368913409, '2025-12-29 15:49:51', NULL, NULL, NULL, NULL);
INSERT INTO `picture` VALUES (2006276106447691777, 'https://yun-picture-1369372725.cos.ap-nanjing.myqcloud.com/public/2001915226368913409/2025-12-31_KnypujWDZbyKhAqc.webp', '诺亚_1', NULL, NULL, NULL, 12082, 474, 266, 1.78, 'webp', 2001915226368913409, '2025-12-31 16:07:53', '2025-12-31 16:07:53', '2026-03-06 15:08:51', 0, 1, '管理员操作通过', 2001915226368913409, '2026-03-06 15:08:52', NULL, NULL, NULL, NULL);
INSERT INTO `picture` VALUES (2006547516600569858, 'https://yun-picture-1369372725.cos.ap-nanjing.myqcloud.com/public/2001915226368913409/2026-01-01_QN3vAjustbop5NvQ.webp', '伽古拉_1', NULL, NULL, NULL, 15042, 474, 266, 1.78, 'webp', 2001915226368913409, '2026-01-01 10:06:22', '2026-01-01 10:06:22', '2026-03-03 15:24:53', 1, 1, '管理员自动过审', 2001915226368913409, '2026-01-01 10:06:22', 'https://yun-picture-1369372725.cos.ap-nanjing.myqcloud.com/public/2001915226368913409/2026-01-01_QN3vAjustbop5NvQ_thumbnail.jpg', NULL, NULL, NULL);
INSERT INTO `picture` VALUES (2008467743617761282, 'https://yun-picture-1369372725.cos.ap-nanjing.myqcloud.com/public/2001915226368913409/2026-01-06_uNqo9HdAsQeocwn0.webp', '绿色竹子风景 3440x1440高清壁纸 带鱼屏_彼岸图网', NULL, NULL, NULL, 1806626, 3440, 1440, 2.39, 'webp', 2001915226368913409, '2026-01-06 17:16:40', '2026-01-06 17:16:40', '2026-01-06 17:16:40', 0, 1, '管理员自动过审', 2001915226368913409, '2026-01-06 17:16:40', 'https://yun-picture-1369372725.cos.ap-nanjing.myqcloud.com/public/2001915226368913409/2026-01-06_uNqo9HdAsQeocwn0_thumbnail.jpg', NULL, 'https://yun-picture-1369372725.cos.ap-nanjing.myqcloud.com///public/2001915226368913409/2026-01-06_uNqo9HdAsQeocwn0.jpg', NULL);
INSERT INTO `picture` VALUES (2009162968052961282, 'https://yun-picture-1369372725.cos.ap-nanjing.myqcloud.com/space/2008371139942469634/2026-01-08_NFAeK9rlAftg5fSc.webp', '2026-01-06_uNqo9HdAsQeocwn0', NULL, '摄影', '[\"搞笑\",\"生活\",\"高清\",\"艺术\"]', 1806626, 3440, 1440, 2.39, 'webp', 2001915226368913409, '2026-01-08 15:19:14', '2026-01-08 15:19:14', '2026-03-11 16:35:26', 0, 1, '管理员自动过审', 2001915226368913409, '2026-01-08 15:19:15', 'https://yun-picture-1369372725.cos.ap-nanjing.myqcloud.com/space/2008371139942469634/2026-01-08_NFAeK9rlAftg5fSc_thumbnail.jpg', 2008371139942469634, 'https://yun-picture-1369372725.cos.ap-nanjing.myqcloud.com///space/2008371139942469634/2026-01-08_NFAeK9rlAftg5fSc.jpg', NULL);
INSERT INTO `picture` VALUES (2009172716366274561, 'https://yun-picture-1369372725.cos.ap-nanjing.myqcloud.com/space/2008371139942469634/2026-01-08_nFSEJW6L6Rs7NsR7.webp', '黑洞', NULL, NULL, NULL, 1140244, 4026, 2358, 1.71, 'webp', 2001915226368913409, '2026-01-08 15:57:58', '2026-01-08 16:39:07', '2026-01-08 16:57:45', 1, 1, '管理员自动过审', 2001915226368913409, '2026-01-08 16:39:07', 'https://yun-picture-1369372725.cos.ap-nanjing.myqcloud.com/space/2008371139942469634/2026-01-08_nFSEJW6L6Rs7NsR7.webp', 2008371139942469634, 'https://yun-picture-1369372725.cos.ap-nanjing.myqcloud.com///space/2008371139942469634/2026-01-08_nFSEJW6L6Rs7NsR7.jpg', NULL);
INSERT INTO `picture` VALUES (2010640135844671489, 'https://yun-picture-1369372725.cos.ap-nanjing.myqcloud.com/public/2001915226368913409/2026-01-12_qB1w2IezKMtRmhcx.webp', '马尔代夫曼德芙岛5K风景图片_彼岸图网', '一张不止', '摄影', '[\"热门\"]', 1631474, 5760, 3672, 1.57, 'webp', 2001915226368913409, '2026-01-12 17:08:58', '2026-03-02 17:19:41', '2026-03-04 15:36:34', 0, 1, '管理员操作通过', 2001915226368913409, '2026-03-04 15:36:34', 'https://yun-picture-1369372725.cos.ap-nanjing.myqcloud.com/public/2001915226368913409/2026-01-12_qB1w2IezKMtRmhcx_thumbnail.jpg', NULL, 'https://yun-picture-1369372725.cos.ap-nanjing.myqcloud.com///public/2001915226368913409/2026-01-12_qB1w2IezKMtRmhcx.jpg', '0x223548');
INSERT INTO `picture` VALUES (2010651124145315842, 'https://yun-picture-1369372725.cos.ap-nanjing.myqcloud.com/space/2008371139942469634/2026-01-12_DAXzjy5LGf2Qkk5O.webp', '马尔代夫曼德芙岛5K风景图片_彼岸图网', NULL, '摄影', '[\"搞笑\",\"生活\",\"高清\",\"艺术\"]', 1631474, 5760, 3672, 1.57, 'webp', 2001915226368913409, '2026-01-12 17:52:38', '2026-01-12 17:52:38', '2026-03-11 16:35:26', 0, 1, '管理员自动过审', 2001915226368913409, '2026-01-12 17:52:39', 'https://yun-picture-1369372725.cos.ap-nanjing.myqcloud.com/space/2008371139942469634/2026-01-12_DAXzjy5LGf2Qkk5O_thumbnail.jpg', 2008371139942469634, 'https://yun-picture-1369372725.cos.ap-nanjing.myqcloud.com///space/2008371139942469634/2026-01-12_DAXzjy5LGf2Qkk5O.jpg', '0x223548');
INSERT INTO `picture` VALUES (2026482097906737153, 'https://yun-picture-1369372725.cos.ap-nanjing.myqcloud.com/public/2001915226368913409/2026-02-25_6ApeewGpbjj5LTqA.webp', '初音未来-湖畔星辰 4K壁纸 3840x2160_彼岸图网', '初音', '插画', '[\"高清\",\"艺术\"]', 1033138, 3840, 2160, 1.78, 'webp', 2001915226368913409, '2026-02-25 10:19:17', '2026-03-02 17:18:08', '2026-03-06 15:08:59', 0, 1, '管理员操作通过', 2001915226368913409, '2026-03-06 15:09:00', 'https://yun-picture-1369372725.cos.ap-nanjing.myqcloud.com/public/2001915226368913409/2026-02-25_6ApeewGpbjj5LTqA_thumbnail.jpg', NULL, 'https://yun-picture-1369372725.cos.ap-nanjing.myqcloud.com///public/2001915226368913409/2026-02-25_6ApeewGpbjj5LTqA.jpg', '0x21a52');
INSERT INTO `picture` VALUES (2030162565034356738, 'https://yun-picture-1369372725.cos.ap-nanjing.myqcloud.com/public/2001915226368913409/2026-03-07_MxzgWWtqCqN0gFYr.webp', 'v2-d1f733345b0d11ea4d1bde0e2511dbc8_720w', '测试输入', '摄影', '[\"背景\"]', 44968, 578, 384, 1.51, 'webp', 2001915226368913409, '2026-03-07 14:04:08', '2026-03-07 14:04:28', '2026-03-07 14:04:27', 0, 1, '管理员自动过审', 2001915226368913409, '2026-03-07 14:04:28', 'https://yun-picture-1369372725.cos.ap-nanjing.myqcloud.com/public/2001915226368913409/2026-03-07_MxzgWWtqCqN0gFYr.webp', NULL, 'https://yun-picture-1369372725.cos.ap-nanjing.myqcloud.com///public/2001915226368913409/2026-03-07_MxzgWWtqCqN0gFYr.jpg', '0x524134');
INSERT INTO `picture` VALUES (2030170659290296322, 'https://yun-picture-1369372725.cos.ap-nanjing.myqcloud.com/public/2001915226368913409/2026-03-07_rttqwCbhsQ2JV8hd.webp', '假面骑士zzz_1', NULL, NULL, NULL, 38282, 474, 625, 0.76, 'webp', 2001915226368913409, '2026-03-07 14:36:18', '2026-03-07 14:36:18', '2026-03-07 14:36:18', 0, 1, '管理员自动过审', 2001915226368913409, '2026-03-07 14:36:19', 'https://yun-picture-1369372725.cos.ap-nanjing.myqcloud.com/public/2001915226368913409/2026-03-07_rttqwCbhsQ2JV8hd.webp', NULL, 'https://yun-picture-1369372725.cos.ap-nanjing.myqcloud.com///public/2001915226368913409/2026-03-07_rttqwCbhsQ2JV8hd.jpg', '0x851c1e');
INSERT INTO `picture` VALUES (2030170668027031553, 'https://yun-picture-1369372725.cos.ap-nanjing.myqcloud.com/public/2001915226368913409/2026-03-07_pzkIpAb12cmeGhWw.webp', '假面骑士zzz_2', NULL, NULL, NULL, 41244, 474, 665, 0.71, 'webp', 2001915226368913409, '2026-03-07 14:36:20', '2026-03-07 14:36:20', '2026-03-07 14:36:20', 0, 1, '管理员自动过审', 2001915226368913409, '2026-03-07 14:36:21', 'https://yun-picture-1369372725.cos.ap-nanjing.myqcloud.com/public/2001915226368913409/2026-03-07_pzkIpAb12cmeGhWw.webp', NULL, 'https://yun-picture-1369372725.cos.ap-nanjing.myqcloud.com///public/2001915226368913409/2026-03-07_pzkIpAb12cmeGhWw.jpg', '0xac3c42');
INSERT INTO `picture` VALUES (2030170675069267970, 'https://yun-picture-1369372725.cos.ap-nanjing.myqcloud.com/public/2001915226368913409/2026-03-07_S9AGYiKLNV9wB32Z.webp', '假面骑士zzz_3', NULL, NULL, NULL, 14580, 474, 266, 1.78, 'webp', 2001915226368913409, '2026-03-07 14:36:22', '2026-03-07 14:36:22', '2026-03-07 14:36:22', 0, 1, '管理员自动过审', 2001915226368913409, '2026-03-07 14:36:22', 'https://yun-picture-1369372725.cos.ap-nanjing.myqcloud.com/public/2001915226368913409/2026-03-07_S9AGYiKLNV9wB32Z.webp', NULL, 'https://yun-picture-1369372725.cos.ap-nanjing.myqcloud.com///public/2001915226368913409/2026-03-07_S9AGYiKLNV9wB32Z.jpg', '0x981a1c');
INSERT INTO `picture` VALUES (2030170689183100929, 'https://yun-picture-1369372725.cos.ap-nanjing.myqcloud.com/public/2001915226368913409/2026-03-07_Rzz34VSPSOFY4AtP.webp', '假面骑士zzz_4', NULL, NULL, NULL, 21562, 474, 316, 1.5, 'webp', 2001915226368913409, '2026-03-07 14:36:25', '2026-03-07 14:36:25', '2026-03-07 14:36:25', 0, 1, '管理员自动过审', 2001915226368913409, '2026-03-07 14:36:26', 'https://yun-picture-1369372725.cos.ap-nanjing.myqcloud.com/public/2001915226368913409/2026-03-07_Rzz34VSPSOFY4AtP.webp', NULL, 'https://yun-picture-1369372725.cos.ap-nanjing.myqcloud.com///public/2001915226368913409/2026-03-07_Rzz34VSPSOFY4AtP.jpg', '0x4f5e60');
INSERT INTO `picture` VALUES (2030170702013476866, 'https://yun-picture-1369372725.cos.ap-nanjing.myqcloud.com/public/2001915226368913409/2026-03-07_fcl4g9ezFUgLGJaC.webp', '假面骑士zzz_5', NULL, NULL, NULL, 12730, 474, 266, 1.78, 'webp', 2001915226368913409, '2026-03-07 14:36:28', '2026-03-07 14:36:28', '2026-03-07 14:36:28', 0, 1, '管理员自动过审', 2001915226368913409, '2026-03-07 14:36:29', 'https://yun-picture-1369372725.cos.ap-nanjing.myqcloud.com/public/2001915226368913409/2026-03-07_fcl4g9ezFUgLGJaC.webp', NULL, 'https://yun-picture-1369372725.cos.ap-nanjing.myqcloud.com///public/2001915226368913409/2026-03-07_fcl4g9ezFUgLGJaC.jpg', '0x000');
INSERT INTO `picture` VALUES (2030170714470559746, 'https://yun-picture-1369372725.cos.ap-nanjing.myqcloud.com/public/2001915226368913409/2026-03-07_JFlD7Z06t9yeaSgb.webp', '假面骑士zzz_6', NULL, NULL, NULL, 13336, 474, 266, 1.78, 'webp', 2001915226368913409, '2026-03-07 14:36:31', '2026-03-07 14:36:31', '2026-03-07 14:36:31', 0, 1, '管理员自动过审', 2001915226368913409, '2026-03-07 14:36:32', 'https://yun-picture-1369372725.cos.ap-nanjing.myqcloud.com/public/2001915226368913409/2026-03-07_JFlD7Z06t9yeaSgb.webp', NULL, 'https://yun-picture-1369372725.cos.ap-nanjing.myqcloud.com///public/2001915226368913409/2026-03-07_JFlD7Z06t9yeaSgb.jpg', '0x38291e');
INSERT INTO `picture` VALUES (2030170721651208193, 'https://yun-picture-1369372725.cos.ap-nanjing.myqcloud.com/public/2001915226368913409/2026-03-07_LQYdwQhut57cYECM.webp', '假面骑士zzz_7', NULL, NULL, NULL, 9152, 340, 440, 0.77, 'webp', 2001915226368913409, '2026-03-07 14:36:33', '2026-03-07 14:36:33', '2026-03-07 14:36:33', 0, 1, '管理员自动过审', 2001915226368913409, '2026-03-07 14:36:33', 'https://yun-picture-1369372725.cos.ap-nanjing.myqcloud.com/public/2001915226368913409/2026-03-07_LQYdwQhut57cYECM.webp', NULL, 'https://yun-picture-1369372725.cos.ap-nanjing.myqcloud.com///public/2001915226368913409/2026-03-07_LQYdwQhut57cYECM.jpg', '0xe0e0e0');
INSERT INTO `picture` VALUES (2030170728869605377, 'https://yun-picture-1369372725.cos.ap-nanjing.myqcloud.com/public/2001915226368913409/2026-03-07_zWXbP4TcjUhyjktp.webp', '假面骑士zzz_8', NULL, NULL, NULL, 9154, 474, 266, 1.78, 'webp', 2001915226368913409, '2026-03-07 14:36:35', '2026-03-07 14:36:35', '2026-03-07 14:36:35', 0, 1, '管理员自动过审', 2001915226368913409, '2026-03-07 14:36:35', 'https://yun-picture-1369372725.cos.ap-nanjing.myqcloud.com/public/2001915226368913409/2026-03-07_zWXbP4TcjUhyjktp.webp', NULL, 'https://yun-picture-1369372725.cos.ap-nanjing.myqcloud.com///public/2001915226368913409/2026-03-07_zWXbP4TcjUhyjktp.jpg', '0x617e7e');
INSERT INTO `picture` VALUES (2030170738071908354, 'https://yun-picture-1369372725.cos.ap-nanjing.myqcloud.com/public/2001915226368913409/2026-03-07_29DnyOnZBEozG8wS.webp', '假面骑士zzz_9', NULL, NULL, NULL, 18276, 474, 266, 1.78, 'webp', 2001915226368913409, '2026-03-07 14:36:37', '2026-03-07 14:36:37', '2026-03-07 14:36:37', 0, 1, '管理员自动过审', 2001915226368913409, '2026-03-07 14:36:37', 'https://yun-picture-1369372725.cos.ap-nanjing.myqcloud.com/public/2001915226368913409/2026-03-07_29DnyOnZBEozG8wS.webp', NULL, 'https://yun-picture-1369372725.cos.ap-nanjing.myqcloud.com///public/2001915226368913409/2026-03-07_29DnyOnZBEozG8wS.jpg', '0xdada7d');
INSERT INTO `picture` VALUES (2030170752517091329, 'https://yun-picture-1369372725.cos.ap-nanjing.myqcloud.com/public/2001915226368913409/2026-03-07_uzQEzybvrFrCZfgZ.webp', '假面骑士zzz_10', NULL, NULL, NULL, 19424, 474, 316, 1.5, 'webp', 2001915226368913409, '2026-03-07 14:36:40', '2026-03-07 14:36:40', '2026-03-07 14:36:40', 0, 1, '管理员自动过审', 2001915226368913409, '2026-03-07 14:36:41', 'https://yun-picture-1369372725.cos.ap-nanjing.myqcloud.com/public/2001915226368913409/2026-03-07_uzQEzybvrFrCZfgZ.webp', NULL, 'https://yun-picture-1369372725.cos.ap-nanjing.myqcloud.com///public/2001915226368913409/2026-03-07_uzQEzybvrFrCZfgZ.jpg', '0x4e4f3b');
INSERT INTO `picture` VALUES (2030171117878718465, 'https://yun-picture-1369372725.cos.ap-nanjing.myqcloud.com/public/2001915226368913409/2026-03-07_oyA0RLWLfgiMoAb0.webp', '宁梦_1', NULL, NULL, NULL, 29166, 474, 711, 0.67, 'webp', 2001915226368913409, '2026-03-07 14:38:07', '2026-03-07 14:38:07', '2026-03-07 14:38:07', 0, 1, '管理员自动过审', 2001915226368913409, '2026-03-07 14:38:08', 'https://yun-picture-1369372725.cos.ap-nanjing.myqcloud.com/public/2001915226368913409/2026-03-07_oyA0RLWLfgiMoAb0.webp', NULL, 'https://yun-picture-1369372725.cos.ap-nanjing.myqcloud.com///public/2001915226368913409/2026-03-07_oyA0RLWLfgiMoAb0.jpg', '0x808080');
INSERT INTO `picture` VALUES (2030171126099554306, 'https://yun-picture-1369372725.cos.ap-nanjing.myqcloud.com/public/2001915226368913409/2026-03-07_lS7t0sbvz3tJo6zp.webp', '宁梦_2', NULL, NULL, NULL, 7434, 474, 474, 1, 'webp', 2001915226368913409, '2026-03-07 14:38:09', '2026-03-07 14:38:09', '2026-03-07 14:38:09', 0, 1, '管理员自动过审', 2001915226368913409, '2026-03-07 14:38:10', 'https://yun-picture-1369372725.cos.ap-nanjing.myqcloud.com/public/2001915226368913409/2026-03-07_lS7t0sbvz3tJo6zp.webp', NULL, 'https://yun-picture-1369372725.cos.ap-nanjing.myqcloud.com///public/2001915226368913409/2026-03-07_lS7t0sbvz3tJo6zp.jpg', '0xe0e0e0');
INSERT INTO `picture` VALUES (2030171139420663810, 'https://yun-picture-1369372725.cos.ap-nanjing.myqcloud.com/public/2001915226368913409/2026-03-07_4XXpnddWRuAOJxmK.webp', '宁梦_3', NULL, NULL, NULL, 17542, 474, 315, 1.5, 'webp', 2001915226368913409, '2026-03-07 14:38:13', '2026-03-07 14:38:13', '2026-03-07 14:38:13', 0, 1, '管理员自动过审', 2001915226368913409, '2026-03-07 14:38:13', 'https://yun-picture-1369372725.cos.ap-nanjing.myqcloud.com/public/2001915226368913409/2026-03-07_4XXpnddWRuAOJxmK.webp', NULL, 'https://yun-picture-1369372725.cos.ap-nanjing.myqcloud.com///public/2001915226368913409/2026-03-07_4XXpnddWRuAOJxmK.jpg', '0x3c572');
INSERT INTO `picture` VALUES (2030171152083267586, 'https://yun-picture-1369372725.cos.ap-nanjing.myqcloud.com/public/2001915226368913409/2026-03-07_l7nODfBbmCRHmXFR.webp', '宁梦_4', NULL, NULL, NULL, 7922, 474, 474, 1, 'webp', 2001915226368913409, '2026-03-07 14:38:16', '2026-03-07 14:38:16', '2026-03-07 14:38:16', 0, 1, '管理员自动过审', 2001915226368913409, '2026-03-07 14:38:16', 'https://yun-picture-1369372725.cos.ap-nanjing.myqcloud.com/public/2001915226368913409/2026-03-07_l7nODfBbmCRHmXFR.webp', NULL, 'https://yun-picture-1369372725.cos.ap-nanjing.myqcloud.com///public/2001915226368913409/2026-03-07_l7nODfBbmCRHmXFR.jpg', '0xe0e0e0');
INSERT INTO `picture` VALUES (2030171166633308161, 'https://yun-picture-1369372725.cos.ap-nanjing.myqcloud.com/public/2001915226368913409/2026-03-07_XHsD08IppsxSF3Xh.webp', '宁梦_5', NULL, NULL, NULL, 15284, 474, 315, 1.5, 'webp', 2001915226368913409, '2026-03-07 14:38:19', '2026-03-07 14:38:19', '2026-03-07 14:38:19', 0, 1, '管理员自动过审', 2001915226368913409, '2026-03-07 14:38:20', 'https://yun-picture-1369372725.cos.ap-nanjing.myqcloud.com/public/2001915226368913409/2026-03-07_XHsD08IppsxSF3Xh.webp', NULL, 'https://yun-picture-1369372725.cos.ap-nanjing.myqcloud.com///public/2001915226368913409/2026-03-07_XHsD08IppsxSF3Xh.jpg', '0xbba068');
INSERT INTO `picture` VALUES (2030171180851998722, 'https://yun-picture-1369372725.cos.ap-nanjing.myqcloud.com/public/2001915226368913409/2026-03-07_cpXj7dWXxA5Ll4Nl.webp', '宁梦_6', NULL, NULL, NULL, 43722, 474, 842, 0.56, 'webp', 2001915226368913409, '2026-03-07 14:38:22', '2026-03-07 14:38:22', '2026-03-07 14:38:22', 0, 1, '管理员自动过审', 2001915226368913409, '2026-03-07 14:38:23', 'https://yun-picture-1369372725.cos.ap-nanjing.myqcloud.com/public/2001915226368913409/2026-03-07_cpXj7dWXxA5Ll4Nl.webp', NULL, 'https://yun-picture-1369372725.cos.ap-nanjing.myqcloud.com///public/2001915226368913409/2026-03-07_cpXj7dWXxA5Ll4Nl.jpg', '0xc0800');
INSERT INTO `picture` VALUES (2030171190679252993, 'https://yun-picture-1369372725.cos.ap-nanjing.myqcloud.com/public/2001915226368913409/2026-03-07_zbPADRwpZGihPAy7.webp', '宁梦_7', NULL, NULL, NULL, 11828, 474, 316, 1.5, 'webp', 2001915226368913409, '2026-03-07 14:38:25', '2026-03-07 14:38:25', '2026-03-07 14:38:25', 0, 1, '管理员自动过审', 2001915226368913409, '2026-03-07 14:38:25', 'https://yun-picture-1369372725.cos.ap-nanjing.myqcloud.com/public/2001915226368913409/2026-03-07_zbPADRwpZGihPAy7.webp', NULL, 'https://yun-picture-1369372725.cos.ap-nanjing.myqcloud.com///public/2001915226368913409/2026-03-07_zbPADRwpZGihPAy7.jpg', '0x78d6');
INSERT INTO `picture` VALUES (2030171202075176961, 'https://yun-picture-1369372725.cos.ap-nanjing.myqcloud.com/public/2001915226368913409/2026-03-07_X1Hm1f2cVZDIuLHw.webp', '宁梦_8', NULL, NULL, NULL, 13602, 474, 842, 0.56, 'webp', 2001915226368913409, '2026-03-07 14:38:27', '2026-03-07 14:38:27', '2026-03-07 14:38:27', 0, 1, '管理员自动过审', 2001915226368913409, '2026-03-07 14:38:28', 'https://yun-picture-1369372725.cos.ap-nanjing.myqcloud.com/public/2001915226368913409/2026-03-07_X1Hm1f2cVZDIuLHw.webp', NULL, 'https://yun-picture-1369372725.cos.ap-nanjing.myqcloud.com///public/2001915226368913409/2026-03-07_X1Hm1f2cVZDIuLHw.jpg', '0xe0e0a1');
INSERT INTO `picture` VALUES (2030171214431596546, 'https://yun-picture-1369372725.cos.ap-nanjing.myqcloud.com/public/2001915226368913409/2026-03-07_slkeELmspA23AVhU.webp', '宁梦_9', NULL, NULL, NULL, 11086, 474, 316, 1.5, 'webp', 2001915226368913409, '2026-03-07 14:38:30', '2026-03-07 14:38:30', '2026-03-07 14:38:30', 0, 1, '管理员自动过审', 2001915226368913409, '2026-03-07 14:38:31', 'https://yun-picture-1369372725.cos.ap-nanjing.myqcloud.com/public/2001915226368913409/2026-03-07_slkeELmspA23AVhU.webp', NULL, 'https://yun-picture-1369372725.cos.ap-nanjing.myqcloud.com///public/2001915226368913409/2026-03-07_slkeELmspA23AVhU.jpg', '0xe0c470');
INSERT INTO `picture` VALUES (2030171223872974850, 'https://yun-picture-1369372725.cos.ap-nanjing.myqcloud.com/public/2001915226368913409/2026-03-07_2wLUENyiQGhrXbXr.webp', '宁梦_10', NULL, NULL, NULL, 15312, 474, 316, 1.5, 'webp', 2001915226368913409, '2026-03-07 14:38:33', '2026-03-07 14:38:33', '2026-03-07 14:38:33', 0, 1, '管理员自动过审', 2001915226368913409, '2026-03-07 14:38:33', 'https://yun-picture-1369372725.cos.ap-nanjing.myqcloud.com/public/2001915226368913409/2026-03-07_2wLUENyiQGhrXbXr.webp', NULL, 'https://yun-picture-1369372725.cos.ap-nanjing.myqcloud.com///public/2001915226368913409/2026-03-07_2wLUENyiQGhrXbXr.jpg', '0x9c7f62');
INSERT INTO `picture` VALUES (2030210519510228993, 'https://yun-picture-1369372725.cos.ap-nanjing.myqcloud.com/public/2001915226368913409/2026-03-26_1iSPTkgp4MLgBsD1.webp', 'v2-5a25d2704008ca23842254d3eac596ef_b', NULL, '摄影', '[\"AI创作\"]', 42620, 1248, 832, 1.5, 'webp', 2001915226368913409, '2026-03-07 17:14:42', '2026-03-26 10:53:39', '2026-03-26 10:53:38', 0, 1, '管理员自动过审', 2001915226368913409, '2026-03-26 10:53:39', 'https://yun-picture-1369372725.cos.ap-nanjing.myqcloud.com/public/2001915226368913409/2026-03-26_1iSPTkgp4MLgBsD1.webp', NULL, 'https://yun-picture-1369372725.cos.ap-nanjing.myqcloud.com///public/2001915226368913409/2026-03-26_1iSPTkgp4MLgBsD1.png', '0x000020');
INSERT INTO `picture` VALUES (2030212861383090178, 'https://yun-picture-1369372725.cos.ap-nanjing.myqcloud.com/public/2001915226368913409/2026-03-07_HuxB4PeuTA6zbTou.webp', '草3440x1440曲面壁纸_彼岸图网', NULL, NULL, NULL, 2167930, 3440, 1440, 2.39, 'webp', 2001915226368913409, '2026-03-07 17:24:00', '2026-03-07 17:24:00', '2026-03-07 17:24:00', 0, 1, '管理员自动过审', 2001915226368913409, '2026-03-07 17:24:00', 'https://yun-picture-1369372725.cos.ap-nanjing.myqcloud.com/public/2001915226368913409/2026-03-07_HuxB4PeuTA6zbTou_thumbnail.jpg', NULL, 'https://yun-picture-1369372725.cos.ap-nanjing.myqcloud.com///public/2001915226368913409/2026-03-07_HuxB4PeuTA6zbTou.jpg', '0x3f5c23');
INSERT INTO `picture` VALUES (2030213721156689921, 'https://yun-picture-1369372725.cos.ap-nanjing.myqcloud.com/public/2001915226368913409/2026-03-07_OlrxdSIxQHBhufj0.webp', '草3440x1440曲面壁纸_彼岸图网', '小草', '摄影', '[\"高清\"]', 2167930, 3440, 1440, 2.39, 'webp', 2001915226368913409, '2026-03-07 17:27:25', '2026-03-07 17:32:19', '2026-03-07 17:32:18', 0, 1, '管理员自动过审', 2001915226368913409, '2026-03-07 17:32:19', 'https://yun-picture-1369372725.cos.ap-nanjing.myqcloud.com/public/2001915226368913409/2026-03-07_OlrxdSIxQHBhufj0_thumbnail.jpg', NULL, 'https://yun-picture-1369372725.cos.ap-nanjing.myqcloud.com///public/2001915226368913409/2026-03-07_OlrxdSIxQHBhufj0.jpg', '0x3f5c23');
INSERT INTO `picture` VALUES (2030851583518666753, 'https://yun-picture-1369372725.cos.ap-nanjing.myqcloud.com/space/2008371139942469634/2026-03-09_ogzlsicwyplQgTmf.webp', '2025-12-25_u5kd43YyUnivL9ZN', '12', 'UI', '[\"游戏\"]', 5834, 283, 200, 1.42, 'webp', 2001915226368913409, '2026-03-09 11:42:03', '2026-03-09 11:42:16', '2026-03-09 12:59:38', 1, 1, '管理员自动过审', 2001915226368913409, '2026-03-09 11:42:16', 'https://yun-picture-1369372725.cos.ap-nanjing.myqcloud.com/space/2008371139942469634/2026-03-09_ogzlsicwyplQgTmf.webp', 2008371139942469634, 'https://yun-picture-1369372725.cos.ap-nanjing.myqcloud.com///space/2008371139942469634/2026-03-09_ogzlsicwyplQgTmf.png', '0x080c0');
INSERT INTO `picture` VALUES (2030851706394996737, 'https://yun-picture-1369372725.cos.ap-nanjing.myqcloud.com/space/2008371139942469634/2026-03-26_X7w96UOmaa5a8RdV.webp', '初音未来-湖畔星辰 4K壁纸 3840x2160_彼岸图网', '未来', '电商', '[\"游戏\",\"AI创作\"]', 84682, 1376, 768, 1.79, 'webp', 2001915226368913409, '2026-03-09 11:42:32', '2026-03-26 11:04:36', '2026-03-26 11:04:35', 0, 1, '管理员自动过审', 2001915226368913409, '2026-03-26 11:04:36', 'https://yun-picture-1369372725.cos.ap-nanjing.myqcloud.com/space/2008371139942469634/2026-03-26_X7w96UOmaa5a8RdV.webp', 2008371139942469634, 'https://yun-picture-1369372725.cos.ap-nanjing.myqcloud.com///space/2008371139942469634/2026-03-26_X7w96UOmaa5a8RdV.png', '0x63a1c1');
INSERT INTO `picture` VALUES (2030851963740712962, 'https://yun-picture-1369372725.cos.ap-nanjing.myqcloud.com/space/2008371139942469634/2026-03-09_BkSdVehIt1E4W47n.webp', 'u2ZH-hrpcmqw7594464', '所罗门1', '电商', '[\"游戏\"]', 22144, 600, 398, 1.51, 'webp', 2001915226368913409, '2026-03-09 11:43:34', '2026-03-09 12:59:23', '2026-03-11 17:01:19', 0, 1, '管理员自动过审', 2001915226368913409, '2026-03-09 12:59:23', 'https://yun-picture-1369372725.cos.ap-nanjing.myqcloud.com/space/2008371139942469634/2026-03-09_BkSdVehIt1E4W47n.webp', 2008371139942469634, 'https://yun-picture-1369372725.cos.ap-nanjing.myqcloud.com///space/2008371139942469634/2026-03-09_BkSdVehIt1E4W47n.jpg', '0x99b6d4');
INSERT INTO `picture` VALUES (2030884999895158786, 'https://yun-picture-1369372725.cos.ap-nanjing.myqcloud.com/public/2001915226368913409/2026-03-09_xVKl1YWo2DqntsUo.webp', '小爱_1', NULL, NULL, NULL, 11912, 474, 267, 1.78, 'webp', 2001915226368913409, '2026-03-09 13:54:50', '2026-03-09 13:54:50', '2026-03-09 13:54:50', 0, 1, '管理员自动过审', 2001915226368913409, '2026-03-09 13:54:51', 'https://yun-picture-1369372725.cos.ap-nanjing.myqcloud.com/public/2001915226368913409/2026-03-09_xVKl1YWo2DqntsUo.webp', NULL, 'https://yun-picture-1369372725.cos.ap-nanjing.myqcloud.com///public/2001915226368913409/2026-03-09_xVKl1YWo2DqntsUo.jpg', '0x463038');
INSERT INTO `picture` VALUES (2030885013144965122, 'https://yun-picture-1369372725.cos.ap-nanjing.myqcloud.com/public/2001915226368913409/2026-03-09_OuQ5WSBilRgusXHd.webp', '小爱_2', NULL, NULL, NULL, 55268, 474, 474, 1, 'webp', 2001915226368913409, '2026-03-09 13:54:53', '2026-03-09 13:54:53', '2026-03-09 16:21:58', 1, 1, '管理员自动过审', 2001915226368913409, '2026-03-09 13:54:54', 'https://yun-picture-1369372725.cos.ap-nanjing.myqcloud.com/public/2001915226368913409/2026-03-09_OuQ5WSBilRgusXHd.webp', NULL, 'https://yun-picture-1369372725.cos.ap-nanjing.myqcloud.com///public/2001915226368913409/2026-03-09_OuQ5WSBilRgusXHd.jpg', '0x1f2057');
INSERT INTO `picture` VALUES (2030885027376238594, 'https://yun-picture-1369372725.cos.ap-nanjing.myqcloud.com/public/2001915226368913409/2026-03-09_jXBjswAxrdGSdOTg.webp', '小爱_3', NULL, NULL, NULL, 14276, 474, 258, 1.84, 'webp', 2001915226368913409, '2026-03-09 13:54:57', '2026-03-09 13:54:57', '2026-03-09 13:54:57', 0, 1, '管理员自动过审', 2001915226368913409, '2026-03-09 13:54:57', 'https://yun-picture-1369372725.cos.ap-nanjing.myqcloud.com/public/2001915226368913409/2026-03-09_jXBjswAxrdGSdOTg.webp', NULL, 'https://yun-picture-1369372725.cos.ap-nanjing.myqcloud.com///public/2001915226368913409/2026-03-09_jXBjswAxrdGSdOTg.jpg', '0x765b42');
INSERT INTO `picture` VALUES (2030885036884725761, 'https://yun-picture-1369372725.cos.ap-nanjing.myqcloud.com/public/2001915226368913409/2026-03-09_lKg1Dy3uUegT3GLx.webp', '小爱_4', NULL, NULL, NULL, 6366, 296, 200, 1.48, 'webp', 2001915226368913409, '2026-03-09 13:54:59', '2026-03-09 13:54:59', '2026-03-09 13:54:59', 0, 1, '管理员自动过审', 2001915226368913409, '2026-03-09 13:54:59', 'https://yun-picture-1369372725.cos.ap-nanjing.myqcloud.com/public/2001915226368913409/2026-03-09_lKg1Dy3uUegT3GLx.webp', NULL, 'https://yun-picture-1369372725.cos.ap-nanjing.myqcloud.com///public/2001915226368913409/2026-03-09_lKg1Dy3uUegT3GLx.jpg', '0x395064');
INSERT INTO `picture` VALUES (2030885049035624450, 'https://yun-picture-1369372725.cos.ap-nanjing.myqcloud.com/public/2001915226368913409/2026-03-09_EqUpGC55B8d1hf1D.webp', '小爱_5', NULL, NULL, NULL, 24070, 474, 265, 1.79, 'webp', 2001915226368913409, '2026-03-09 13:55:02', '2026-03-09 13:55:02', '2026-03-09 13:55:02', 0, 1, '管理员自动过审', 2001915226368913409, '2026-03-09 13:55:02', 'https://yun-picture-1369372725.cos.ap-nanjing.myqcloud.com/public/2001915226368913409/2026-03-09_EqUpGC55B8d1hf1D.webp', NULL, 'https://yun-picture-1369372725.cos.ap-nanjing.myqcloud.com///public/2001915226368913409/2026-03-09_EqUpGC55B8d1hf1D.jpg', '0x191a54');
INSERT INTO `picture` VALUES (2030885056530845697, 'https://yun-picture-1369372725.cos.ap-nanjing.myqcloud.com/public/2001915226368913409/2026-03-09_vuDw59fXdSmw9x5v.webp', '小爱_6', NULL, NULL, NULL, 13882, 474, 267, 1.78, 'webp', 2001915226368913409, '2026-03-09 13:55:04', '2026-03-09 13:55:04', '2026-03-09 13:55:04', 0, 1, '管理员自动过审', 2001915226368913409, '2026-03-09 13:55:04', 'https://yun-picture-1369372725.cos.ap-nanjing.myqcloud.com/public/2001915226368913409/2026-03-09_vuDw59fXdSmw9x5v.webp', NULL, 'https://yun-picture-1369372725.cos.ap-nanjing.myqcloud.com///public/2001915226368913409/2026-03-09_vuDw59fXdSmw9x5v.jpg', '0xdabb9c');
INSERT INTO `picture` VALUES (2030885070539821057, 'https://yun-picture-1369372725.cos.ap-nanjing.myqcloud.com/public/2001915226368913409/2026-03-09_tZQSQgARRO5o3daM.webp', '小爱_7', NULL, NULL, NULL, 1698, 200, 200, 1, 'webp', 2001915226368913409, '2026-03-09 13:55:07', '2026-03-09 13:55:07', '2026-03-09 16:21:54', 1, 1, '管理员自动过审', 2001915226368913409, '2026-03-09 13:55:08', 'https://yun-picture-1369372725.cos.ap-nanjing.myqcloud.com/public/2001915226368913409/2026-03-09_tZQSQgARRO5o3daM.webp', NULL, 'https://yun-picture-1369372725.cos.ap-nanjing.myqcloud.com///public/2001915226368913409/2026-03-09_tZQSQgARRO5o3daM.jpg', '0x6080e0');
INSERT INTO `picture` VALUES (2030885077309427714, 'https://yun-picture-1369372725.cos.ap-nanjing.myqcloud.com/public/2001915226368913409/2026-03-09_JqtdvDE2MFAyfHpk.webp', '小爱_8', NULL, NULL, NULL, 7620, 216, 216, 1, 'webp', 2001915226368913409, '2026-03-09 13:55:09', '2026-03-09 13:55:09', '2026-03-09 16:22:04', 1, 1, '管理员自动过审', 2001915226368913409, '2026-03-09 13:55:09', 'https://yun-picture-1369372725.cos.ap-nanjing.myqcloud.com/public/2001915226368913409/2026-03-09_JqtdvDE2MFAyfHpk.webp', NULL, 'https://yun-picture-1369372725.cos.ap-nanjing.myqcloud.com///public/2001915226368913409/2026-03-09_JqtdvDE2MFAyfHpk.jpg', '0x814f4d');
INSERT INTO `picture` VALUES (2030885091008024578, 'https://yun-picture-1369372725.cos.ap-nanjing.myqcloud.com/public/2001915226368913409/2026-03-09_MBVSavDBHasAeA1D.webp', '小爱_9', NULL, NULL, NULL, 12136, 474, 254, 1.87, 'webp', 2001915226368913409, '2026-03-09 13:55:12', '2026-03-09 13:55:12', '2026-03-09 13:55:12', 0, 1, '管理员自动过审', 2001915226368913409, '2026-03-09 13:55:12', 'https://yun-picture-1369372725.cos.ap-nanjing.myqcloud.com/public/2001915226368913409/2026-03-09_MBVSavDBHasAeA1D.webp', NULL, 'https://yun-picture-1369372725.cos.ap-nanjing.myqcloud.com///public/2001915226368913409/2026-03-09_MBVSavDBHasAeA1D.jpg', '0x735aad');
INSERT INTO `picture` VALUES (2030885098553577473, 'https://yun-picture-1369372725.cos.ap-nanjing.myqcloud.com/public/2001915226368913409/2026-03-26_sY1ygvotRTvUeES3.webp', 'ai_edit_1774494510586', NULL, NULL, NULL, 64366, 1376, 768, 1.79, 'webp', 2001915226368913409, '2026-03-09 13:55:14', '2026-03-26 11:08:31', '2026-03-26 11:08:31', 0, 1, '管理员自动过审', 2001915226368913409, '2026-03-26 11:08:31', 'https://yun-picture-1369372725.cos.ap-nanjing.myqcloud.com/public/2001915226368913409/2026-03-26_sY1ygvotRTvUeES3.webp', NULL, 'https://yun-picture-1369372725.cos.ap-nanjing.myqcloud.com///public/2001915226368913409/2026-03-26_sY1ygvotRTvUeES3.png', '0x7badad');
INSERT INTO `picture` VALUES (2033745841330278401, 'https://yun-picture-1369372725.cos.ap-nanjing.myqcloud.com/public/2001915226368913409/2026-03-17_SvlQLtvtgUE8UqHi.webp', '绯雪_1', NULL, NULL, NULL, 16632, 474, 311, 1.52, 'webp', 2001915226368913409, '2026-03-17 11:22:48', '2026-03-17 11:22:48', '2026-03-17 11:23:36', 1, 1, '管理员自动过审', 2001915226368913409, '2026-03-17 11:22:48', 'https://yun-picture-1369372725.cos.ap-nanjing.myqcloud.com/public/2001915226368913409/2026-03-17_SvlQLtvtgUE8UqHi.webp', NULL, 'https://yun-picture-1369372725.cos.ap-nanjing.myqcloud.com///public/2001915226368913409/2026-03-17_SvlQLtvtgUE8UqHi.jpg', '0x60407f');
INSERT INTO `picture` VALUES (2033745849827938306, 'https://yun-picture-1369372725.cos.ap-nanjing.myqcloud.com/public/2001915226368913409/2026-03-17_EgmRtWVml5GLfW8U.webp', '绯雪_2', NULL, NULL, NULL, 16648, 474, 237, 2, 'webp', 2001915226368913409, '2026-03-17 11:22:50', '2026-03-17 11:22:50', '2026-03-17 11:23:36', 1, 1, '管理员自动过审', 2001915226368913409, '2026-03-17 11:22:50', 'https://yun-picture-1369372725.cos.ap-nanjing.myqcloud.com/public/2001915226368913409/2026-03-17_EgmRtWVml5GLfW8U.webp', NULL, 'https://yun-picture-1369372725.cos.ap-nanjing.myqcloud.com///public/2001915226368913409/2026-03-17_EgmRtWVml5GLfW8U.jpg', '0xcccb9a');
INSERT INTO `picture` VALUES (2033745857339936770, 'https://yun-picture-1369372725.cos.ap-nanjing.myqcloud.com/public/2001915226368913409/2026-03-17_eliVPutAHGLbHaRA.webp', '绯雪_3', NULL, NULL, NULL, 35834, 474, 370, 1.28, 'webp', 2001915226368913409, '2026-03-17 11:22:52', '2026-03-17 11:22:52', '2026-03-17 11:23:35', 1, 1, '管理员自动过审', 2001915226368913409, '2026-03-17 11:22:52', 'https://yun-picture-1369372725.cos.ap-nanjing.myqcloud.com/public/2001915226368913409/2026-03-17_eliVPutAHGLbHaRA.webp', NULL, 'https://yun-picture-1369372725.cos.ap-nanjing.myqcloud.com///public/2001915226368913409/2026-03-17_eliVPutAHGLbHaRA.jpg', '0x32f25');
INSERT INTO `picture` VALUES (2033745863950159873, 'https://yun-picture-1369372725.cos.ap-nanjing.myqcloud.com/public/2001915226368913409/2026-03-17_FJF8I3Gsx9N0aec4.webp', '绯雪_4', NULL, NULL, NULL, 13274, 474, 244, 1.94, 'webp', 2001915226368913409, '2026-03-17 11:22:53', '2026-03-17 11:22:53', '2026-03-17 11:23:34', 1, 1, '管理员自动过审', 2001915226368913409, '2026-03-17 11:22:54', 'https://yun-picture-1369372725.cos.ap-nanjing.myqcloud.com/public/2001915226368913409/2026-03-17_FJF8I3Gsx9N0aec4.webp', NULL, 'https://yun-picture-1369372725.cos.ap-nanjing.myqcloud.com///public/2001915226368913409/2026-03-17_FJF8I3Gsx9N0aec4.jpg', '0xc0c0c0');
INSERT INTO `picture` VALUES (2033745874591109122, 'https://yun-picture-1369372725.cos.ap-nanjing.myqcloud.com/public/2001915226368913409/2026-03-17_akErKFi7rzxPicLp.webp', '绯雪_5', NULL, NULL, NULL, 16626, 474, 237, 2, 'webp', 2001915226368913409, '2026-03-17 11:22:56', '2026-03-17 11:22:56', '2026-03-17 11:23:34', 1, 1, '管理员自动过审', 2001915226368913409, '2026-03-17 11:22:56', 'https://yun-picture-1369372725.cos.ap-nanjing.myqcloud.com/public/2001915226368913409/2026-03-17_akErKFi7rzxPicLp.webp', NULL, 'https://yun-picture-1369372725.cos.ap-nanjing.myqcloud.com///public/2001915226368913409/2026-03-17_akErKFi7rzxPicLp.jpg', '0x9d7f61');
INSERT INTO `picture` VALUES (2033745889183092738, 'https://yun-picture-1369372725.cos.ap-nanjing.myqcloud.com/public/2001915226368913409/2026-03-17_FJcfFmouS2y1Pttl.webp', '绯雪_6', NULL, NULL, NULL, 15180, 474, 237, 2, 'webp', 2001915226368913409, '2026-03-17 11:22:59', '2026-03-17 11:22:59', '2026-03-17 11:23:33', 1, 1, '管理员自动过审', 2001915226368913409, '2026-03-17 11:23:00', 'https://yun-picture-1369372725.cos.ap-nanjing.myqcloud.com/public/2001915226368913409/2026-03-17_FJcfFmouS2y1Pttl.webp', NULL, 'https://yun-picture-1369372725.cos.ap-nanjing.myqcloud.com///public/2001915226368913409/2026-03-17_FJcfFmouS2y1Pttl.jpg', '0x1e2b44');
INSERT INTO `picture` VALUES (2033745897223573505, 'https://yun-picture-1369372725.cos.ap-nanjing.myqcloud.com/public/2001915226368913409/2026-03-17_Vw2x54GwWfacC6CT.webp', '绯雪_7', NULL, NULL, NULL, 23488, 474, 252, 1.88, 'webp', 2001915226368913409, '2026-03-17 11:23:01', '2026-03-17 11:23:01', '2026-03-17 11:23:33', 1, 1, '管理员自动过审', 2001915226368913409, '2026-03-17 11:23:02', 'https://yun-picture-1369372725.cos.ap-nanjing.myqcloud.com/public/2001915226368913409/2026-03-17_Vw2x54GwWfacC6CT.webp', NULL, 'https://yun-picture-1369372725.cos.ap-nanjing.myqcloud.com///public/2001915226368913409/2026-03-17_Vw2x54GwWfacC6CT.jpg', '0x937c68');
INSERT INTO `picture` VALUES (2033745907591892993, 'https://yun-picture-1369372725.cos.ap-nanjing.myqcloud.com/public/2001915226368913409/2026-03-17_dxBrzZAJ7hcVMHrQ.webp', '绯雪_8', NULL, NULL, NULL, 13090, 474, 215, 2.2, 'webp', 2001915226368913409, '2026-03-17 11:23:04', '2026-03-17 11:23:04', '2026-03-17 11:23:32', 1, 1, '管理员自动过审', 2001915226368913409, '2026-03-17 11:23:04', 'https://yun-picture-1369372725.cos.ap-nanjing.myqcloud.com/public/2001915226368913409/2026-03-17_dxBrzZAJ7hcVMHrQ.webp', NULL, 'https://yun-picture-1369372725.cos.ap-nanjing.myqcloud.com///public/2001915226368913409/2026-03-17_dxBrzZAJ7hcVMHrQ.jpg', '0x3f3d7d');
INSERT INTO `picture` VALUES (2033745920611012609, 'https://yun-picture-1369372725.cos.ap-nanjing.myqcloud.com/public/2001915226368913409/2026-03-17_ypnQnn89gX211rgU.webp', '绯雪_9', NULL, NULL, NULL, 21404, 474, 175, 2.71, 'webp', 2001915226368913409, '2026-03-17 11:23:07', '2026-03-17 11:23:07', '2026-03-17 11:23:32', 1, 1, '管理员自动过审', 2001915226368913409, '2026-03-17 11:23:07', 'https://yun-picture-1369372725.cos.ap-nanjing.myqcloud.com/public/2001915226368913409/2026-03-17_ypnQnn89gX211rgU.webp', NULL, 'https://yun-picture-1369372725.cos.ap-nanjing.myqcloud.com///public/2001915226368913409/2026-03-17_ypnQnn89gX211rgU.jpg', '0xb49b82');
INSERT INTO `picture` VALUES (2033745934540296194, 'https://yun-picture-1369372725.cos.ap-nanjing.myqcloud.com/public/2001915226368913409/2026-03-17_PFotPNveGVUxaDR4.webp', '绯雪_10', NULL, NULL, NULL, 19566, 372, 336, 1.11, 'webp', 2001915226368913409, '2026-03-17 11:23:10', '2026-03-17 11:23:10', '2026-03-17 11:23:30', 1, 1, '管理员自动过审', 2001915226368913409, '2026-03-17 11:23:11', 'https://yun-picture-1369372725.cos.ap-nanjing.myqcloud.com/public/2001915226368913409/2026-03-17_PFotPNveGVUxaDR4.webp', NULL, 'https://yun-picture-1369372725.cos.ap-nanjing.myqcloud.com///public/2001915226368913409/2026-03-17_PFotPNveGVUxaDR4.jpg', '0xe0e0e0');
INSERT INTO `picture` VALUES (2033746353215721473, 'https://yun-picture-1369372725.cos.ap-nanjing.myqcloud.com/public/2001915226368913409/2026-03-17_rdE3oUsxXkxEkMhO.webp', '坎特雷拉_1', NULL, NULL, NULL, 19670, 474, 266, 1.78, 'webp', 2001915226368913409, '2026-03-17 11:24:50', '2026-03-17 11:24:50', '2026-03-17 11:24:50', 0, 1, '管理员自动过审', 2001915226368913409, '2026-03-17 11:24:50', 'https://yun-picture-1369372725.cos.ap-nanjing.myqcloud.com/public/2001915226368913409/2026-03-17_rdE3oUsxXkxEkMhO.webp', NULL, 'https://yun-picture-1369372725.cos.ap-nanjing.myqcloud.com///public/2001915226368913409/2026-03-17_rdE3oUsxXkxEkMhO.jpg', '0xe0e0e0');
INSERT INTO `picture` VALUES (2033746366788489218, 'https://yun-picture-1369372725.cos.ap-nanjing.myqcloud.com/public/2001915226368913409/2026-03-17_sA7jZcrE8aFDg43z.webp', '坎特雷拉_2', NULL, NULL, NULL, 69716, 474, 842, 0.56, 'webp', 2001915226368913409, '2026-03-17 11:24:53', '2026-03-17 11:24:53', '2026-03-17 11:24:53', 0, 1, '管理员自动过审', 2001915226368913409, '2026-03-17 11:24:54', 'https://yun-picture-1369372725.cos.ap-nanjing.myqcloud.com/public/2001915226368913409/2026-03-17_sA7jZcrE8aFDg43z.webp', NULL, 'https://yun-picture-1369372725.cos.ap-nanjing.myqcloud.com///public/2001915226368913409/2026-03-17_sA7jZcrE8aFDg43z.jpg', '0x203c5a');
INSERT INTO `picture` VALUES (2033746378406711298, 'https://yun-picture-1369372725.cos.ap-nanjing.myqcloud.com/public/2001915226368913409/2026-03-17_8dKeZb4BwD9sQZfS.webp', '坎特雷拉_3', NULL, NULL, NULL, 28326, 474, 652, 0.73, 'webp', 2001915226368913409, '2026-03-17 11:24:56', '2026-03-17 11:24:56', '2026-03-17 11:24:56', 0, 1, '管理员自动过审', 2001915226368913409, '2026-03-17 11:24:56', 'https://yun-picture-1369372725.cos.ap-nanjing.myqcloud.com/public/2001915226368913409/2026-03-17_8dKeZb4BwD9sQZfS.webp', NULL, 'https://yun-picture-1369372725.cos.ap-nanjing.myqcloud.com///public/2001915226368913409/2026-03-17_8dKeZb4BwD9sQZfS.jpg', '0xe0e0e0');
INSERT INTO `picture` VALUES (2033746391291613185, 'https://yun-picture-1369372725.cos.ap-nanjing.myqcloud.com/public/2001915226368913409/2026-03-17_AtXg5kkCHDHD7T6U.webp', '坎特雷拉_4', NULL, NULL, NULL, 12228, 474, 266, 1.78, 'webp', 2001915226368913409, '2026-03-17 11:24:59', '2026-03-17 11:24:59', '2026-03-17 11:24:59', 0, 1, '管理员自动过审', 2001915226368913409, '2026-03-17 11:25:00', 'https://yun-picture-1369372725.cos.ap-nanjing.myqcloud.com/public/2001915226368913409/2026-03-17_AtXg5kkCHDHD7T6U.webp', NULL, 'https://yun-picture-1369372725.cos.ap-nanjing.myqcloud.com///public/2001915226368913409/2026-03-17_AtXg5kkCHDHD7T6U.jpg', '0x6364c0');
INSERT INTO `picture` VALUES (2033746404595945474, 'https://yun-picture-1369372725.cos.ap-nanjing.myqcloud.com/public/2001915226368913409/2026-03-17_xe8tIxTxH4TWJbhO.webp', '坎特雷拉_5', NULL, NULL, NULL, 8594, 474, 263, 1.8, 'webp', 2001915226368913409, '2026-03-17 11:25:02', '2026-03-17 11:25:02', '2026-03-17 11:25:02', 0, 1, '管理员自动过审', 2001915226368913409, '2026-03-17 11:25:03', 'https://yun-picture-1369372725.cos.ap-nanjing.myqcloud.com/public/2001915226368913409/2026-03-17_xe8tIxTxH4TWJbhO.webp', NULL, 'https://yun-picture-1369372725.cos.ap-nanjing.myqcloud.com///public/2001915226368913409/2026-03-17_xe8tIxTxH4TWJbhO.jpg', '0xa080e0');
INSERT INTO `picture` VALUES (2033746418814636033, 'https://yun-picture-1369372725.cos.ap-nanjing.myqcloud.com/public/2001915226368913409/2026-03-17_DYwU4wqyaJh34ZZs.webp', '坎特雷拉_6', NULL, NULL, NULL, 54712, 474, 625, 0.76, 'webp', 2001915226368913409, '2026-03-17 11:25:06', '2026-03-17 11:25:06', '2026-03-17 11:25:31', 1, 1, '管理员自动过审', 2001915226368913409, '2026-03-17 11:25:06', 'https://yun-picture-1369372725.cos.ap-nanjing.myqcloud.com/public/2001915226368913409/2026-03-17_DYwU4wqyaJh34ZZs.webp', NULL, 'https://yun-picture-1369372725.cos.ap-nanjing.myqcloud.com///public/2001915226368913409/2026-03-17_DYwU4wqyaJh34ZZs.jpg', '0x42427c');
INSERT INTO `picture` VALUES (2033746426599264257, 'https://yun-picture-1369372725.cos.ap-nanjing.myqcloud.com/public/2001915226368913409/2026-03-17_qJNfjdyqKt900VLS.webp', '坎特雷拉_7', NULL, NULL, NULL, 7620, 474, 218, 2.17, 'webp', 2001915226368913409, '2026-03-17 11:25:07', '2026-03-17 11:25:07', '2026-03-17 11:25:07', 0, 1, '管理员自动过审', 2001915226368913409, '2026-03-17 11:25:08', 'https://yun-picture-1369372725.cos.ap-nanjing.myqcloud.com/public/2001915226368913409/2026-03-17_qJNfjdyqKt900VLS.webp', NULL, 'https://yun-picture-1369372725.cos.ap-nanjing.myqcloud.com///public/2001915226368913409/2026-03-17_qJNfjdyqKt900VLS.jpg', '0x161a39');
INSERT INTO `picture` VALUES (2033746434081902594, 'https://yun-picture-1369372725.cos.ap-nanjing.myqcloud.com/public/2001915226368913409/2026-03-17_zgZppYsOY8T5HQe8.webp', '坎特雷拉_8', NULL, NULL, NULL, 13838, 225, 298, 0.76, 'webp', 2001915226368913409, '2026-03-17 11:25:09', '2026-03-17 13:34:18', '2026-03-17 13:34:17', 0, 1, '管理员自动过审', 2001915226368913409, '2026-03-17 13:34:18', 'https://yun-picture-1369372725.cos.ap-nanjing.myqcloud.com/public/2001915226368913409/2026-03-17_zgZppYsOY8T5HQe8.webp', NULL, 'https://yun-picture-1369372725.cos.ap-nanjing.myqcloud.com///public/2001915226368913409/2026-03-17_zgZppYsOY8T5HQe8.png', '0x6f88a6');
INSERT INTO `picture` VALUES (2033746444978704386, 'https://yun-picture-1369372725.cos.ap-nanjing.myqcloud.com/public/2001915226368913409/2026-03-17_behBqLis51Rgjxm7.webp', '坎特雷拉_9', NULL, NULL, NULL, 22866, 474, 474, 1, 'webp', 2001915226368913409, '2026-03-17 11:25:12', '2026-03-17 11:25:12', '2026-03-17 11:25:27', 1, 1, '管理员自动过审', 2001915226368913409, '2026-03-17 11:25:12', 'https://yun-picture-1369372725.cos.ap-nanjing.myqcloud.com/public/2001915226368913409/2026-03-17_behBqLis51Rgjxm7.webp', NULL, 'https://yun-picture-1369372725.cos.ap-nanjing.myqcloud.com///public/2001915226368913409/2026-03-17_behBqLis51Rgjxm7.jpg', '0x1e2f52');
INSERT INTO `picture` VALUES (2033746454927593474, 'https://yun-picture-1369372725.cos.ap-nanjing.myqcloud.com/public/2001915226368913409/2026-03-17_bCAnyXua1QluEjDL.webp', '坎特雷拉_10', NULL, NULL, NULL, 23492, 474, 284, 1.67, 'webp', 2001915226368913409, '2026-03-17 11:25:14', '2026-03-17 11:25:14', '2026-03-17 11:25:26', 1, 1, '管理员自动过审', 2001915226368913409, '2026-03-17 11:25:15', 'https://yun-picture-1369372725.cos.ap-nanjing.myqcloud.com/public/2001915226368913409/2026-03-17_bCAnyXua1QluEjDL.webp', NULL, 'https://yun-picture-1369372725.cos.ap-nanjing.myqcloud.com///public/2001915226368913409/2026-03-17_bCAnyXua1QluEjDL.jpg', '0x7b7b60');
INSERT INTO `picture` VALUES (2033783422239535105, 'https://yun-picture-1369372725.cos.ap-nanjing.myqcloud.com/public/2001915226368913409/2026-03-17_MWoxdmeqqFltFhGY.webp', '黑洞', NULL, '摄影', '[\"背景\"]', 1140244, 4026, 2358, 1.71, 'webp', 2001915226368913409, '2026-03-17 13:52:08', '2026-03-17 13:52:41', '2026-03-17 13:52:41', 0, 1, '管理员自动过审', 2001915226368913409, '2026-03-17 13:52:41', 'https://yun-picture-1369372725.cos.ap-nanjing.myqcloud.com/public/2001915226368913409/2026-03-17_MWoxdmeqqFltFhGY.webp', NULL, 'https://yun-picture-1369372725.cos.ap-nanjing.myqcloud.com///public/2001915226368913409/2026-03-17_MWoxdmeqqFltFhGY.jpg', '0x000');
INSERT INTO `picture` VALUES (2038799428762644481, 'https://yun-picture-1369372725.cos.ap-nanjing.myqcloud.com/public/2001915226368913409/2026-03-31_pzhblyHmL30xmgSF.webp', 'ai_edit_小猫腻', '一只三花小猫咪正在阳台飘窗上晒太阳闭着眼睛仰着头，窗户打开，有只小蝴蝶只正在小猫咪的鼻尖上停留', '插画', '[\"AI创作\"]', 215318, 2048, 2048, 1, 'webp', 2001915226368913409, '2026-03-31 10:03:57', '2026-03-31 10:06:46', '2026-03-31 10:06:46', 0, 1, '管理员自动过审', 2001915226368913409, '2026-03-31 10:06:46', 'https://yun-picture-1369372725.cos.ap-nanjing.myqcloud.com/public/2001915226368913409/2026-03-31_pzhblyHmL30xmgSF_thumbnail.png', NULL, 'https://yun-picture-1369372725.cos.ap-nanjing.myqcloud.com///public/2001915226368913409/2026-03-31_pzhblyHmL30xmgSF.png', '0x7a785c');
INSERT INTO `picture` VALUES (2038890165659435010, 'https://yun-picture-1369372725.cos.ap-nanjing.myqcloud.com/public/2001915226368913409/2026-03-31_1HOmZIiEHw6tL7DG.webp', 'ai_edit_1774944269271', '绿色的树枝', '摄影', '[\"AI创作\"]', 179452, 1376, 768, 1.79, 'webp', 2001915226368913409, '2026-03-31 16:04:30', '2026-03-31 16:05:09', '2026-03-31 16:05:08', 0, 1, '管理员自动过审', 2001915226368913409, '2026-03-31 16:05:09', 'https://yun-picture-1369372725.cos.ap-nanjing.myqcloud.com/public/2001915226368913409/2026-03-31_1HOmZIiEHw6tL7DG.webp', NULL, 'https://yun-picture-1369372725.cos.ap-nanjing.myqcloud.com///public/2001915226368913409/2026-03-31_1HOmZIiEHw6tL7DG.png', '0xb49f81');

-- ----------------------------
-- Table structure for space
-- ----------------------------
DROP TABLE IF EXISTS `space`;
CREATE TABLE `space`  (
  `id` bigint NOT NULL AUTO_INCREMENT COMMENT 'id',
  `spaceName` varchar(128) CHARACTER SET utf8mb4 COLLATE utf8mb4_unicode_ci NULL DEFAULT NULL COMMENT '空间名称',
  `spaceLevel` int NULL DEFAULT 0 COMMENT '空间等级:0-普通版 1-专业版 2-旗舰版',
  `maxSize` bigint NULL DEFAULT 0 COMMENT '空间中图片的最大总大小',
  `maxCount` bigint NULL DEFAULT 0 COMMENT '空间中图片的最大数量',
  `totalSize` bigint NULL DEFAULT 0 COMMENT '当前空间中图片的总大小',
  `totalCount` bigint NULL DEFAULT 0 COMMENT '当前空间中图片的数量',
  `userId` bigint NOT NULL COMMENT '创建用户id',
  `createTime` datetime NOT NULL DEFAULT CURRENT_TIMESTAMP COMMENT '创建时间',
  `editTime` datetime NOT NULL DEFAULT CURRENT_TIMESTAMP COMMENT '编辑时间',
  `updateTime` datetime NOT NULL DEFAULT CURRENT_TIMESTAMP ON UPDATE CURRENT_TIMESTAMP COMMENT '更新时间',
  `isDelete` tinyint NOT NULL DEFAULT 0 COMMENT '是否删除',
  `spaceType` int NOT NULL DEFAULT 0 COMMENT '空间类型：0-私有个人空间 1-团队空间',
  PRIMARY KEY (`id`) USING BTREE,
  INDEX `idx_userId`(`userId` ASC) USING BTREE,
  INDEX `idx_spaceName`(`spaceName` ASC) USING BTREE,
  INDEX `idx_spaceLevel`(`spaceLevel` ASC) USING BTREE,
  INDEX `idx_spaceType`(`spaceType` ASC) USING BTREE
) ENGINE = InnoDB AUTO_INCREMENT = 2030485422461386754 CHARACTER SET = utf8mb4 COLLATE = utf8mb4_unicode_ci COMMENT = '空间' ROW_FORMAT = Dynamic;

-- ----------------------------
-- Records of space
-- ----------------------------
INSERT INTO `space` VALUES (2008371139942469634, '测试', 0, 104857600, 100, 1738300, 3, 2001915226368913409, '2026-01-06 10:52:48', '2026-01-06 10:52:48', '2026-03-26 11:04:19', 0, 0);
INSERT INTO `space` VALUES (2008374503782699010, '默认私有空间', 0, 104857600, 100, 0, 0, 2008374503631704065, '2026-01-06 11:06:10', '2026-01-06 11:06:10', '2026-03-08 11:33:27', 0, 0);

-- ----------------------------
-- Table structure for space_user
-- ----------------------------
DROP TABLE IF EXISTS `space_user`;
CREATE TABLE `space_user`  (
  `id` bigint NOT NULL AUTO_INCREMENT COMMENT 'id',
  `spaceId` bigint NOT NULL COMMENT '空间id',
  `userId` bigint NOT NULL COMMENT '用户id',
  `spaceRole` varchar(128) CHARACTER SET utf8mb4 COLLATE utf8mb4_unicode_ci NULL DEFAULT 'viewer' COMMENT '空间角色：view/editor/admin',
  `createTime` datetime NOT NULL DEFAULT CURRENT_TIMESTAMP COMMENT '创建时间',
  `updateTime` datetime NOT NULL DEFAULT CURRENT_TIMESTAMP ON UPDATE CURRENT_TIMESTAMP COMMENT '更新时间',
  PRIMARY KEY (`id`) USING BTREE,
  UNIQUE INDEX `uk_spaceId_userId`(`spaceId` ASC, `userId` ASC) USING BTREE,
  INDEX `idx_spaceId`(`spaceId` ASC) USING BTREE,
  INDEX `idx_userId`(`userId` ASC) USING BTREE
) ENGINE = InnoDB AUTO_INCREMENT = 1 CHARACTER SET = utf8mb4 COLLATE = utf8mb4_unicode_ci COMMENT = '空间用户关联' ROW_FORMAT = Dynamic;

-- ----------------------------
-- Records of space_user
-- ----------------------------

-- ----------------------------
-- Table structure for user
-- ----------------------------
DROP TABLE IF EXISTS `user`;
CREATE TABLE `user`  (
  `id` bigint NOT NULL AUTO_INCREMENT COMMENT '用户id',
  `userAccount` varchar(256) CHARACTER SET utf8mb4 COLLATE utf8mb4_general_ci NOT NULL COMMENT '用户账号',
  `userPassword` varchar(512) CHARACTER SET utf8mb4 COLLATE utf8mb4_general_ci NOT NULL COMMENT '用户密码',
  `userName` varchar(256) CHARACTER SET utf8mb4 COLLATE utf8mb4_general_ci NULL DEFAULT NULL COMMENT '用户昵称',
  `userAvatar` varchar(1024) CHARACTER SET utf8mb4 COLLATE utf8mb4_general_ci NULL DEFAULT NULL COMMENT '用户头像',
  `userProfile` varchar(512) CHARACTER SET utf8mb4 COLLATE utf8mb4_general_ci NULL DEFAULT NULL COMMENT '用户简介',
  `userRole` varchar(256) CHARACTER SET utf8mb4 COLLATE utf8mb4_general_ci NULL DEFAULT 'user' COMMENT '用户角色：user/admin',
  `vipExpireTime` datetime NULL DEFAULT NULL COMMENT '会员到期时间',
  `vipCode` varchar(128) CHARACTER SET utf8mb4 COLLATE utf8mb4_general_ci NULL DEFAULT NULL COMMENT '会员码',
  `vipNumber` bigint NULL DEFAULT NULL COMMENT '会员编号',
  `shareCode` varchar(20) CHARACTER SET utf8mb4 COLLATE utf8mb4_general_ci NULL DEFAULT NULL COMMENT '分享码',
  `inviteUser` bigint NULL DEFAULT NULL COMMENT '邀请用户id',
  `editTime` datetime NOT NULL DEFAULT CURRENT_TIMESTAMP COMMENT '编辑时间',
  `createTime` datetime NOT NULL DEFAULT CURRENT_TIMESTAMP COMMENT '创建时间',
  `updateTime` datetime NOT NULL DEFAULT CURRENT_TIMESTAMP ON UPDATE CURRENT_TIMESTAMP COMMENT '更新时间',
  `isDelete` tinyint NOT NULL DEFAULT 0 COMMENT '是否删除',
  PRIMARY KEY (`id`) USING BTREE,
  UNIQUE INDEX `uk_userAccount`(`userAccount` ASC) USING BTREE,
  INDEX `idx_userName`(`userName` ASC) USING BTREE
) ENGINE = InnoDB AUTO_INCREMENT = 2026487421816496131 CHARACTER SET = utf8mb4 COLLATE = utf8mb4_general_ci COMMENT = '用户' ROW_FORMAT = Dynamic;

-- ----------------------------
-- Records of user
-- ----------------------------
INSERT INTO `user` VALUES (2001556182340935681, '我是老6', 'c217c89240bf69d08764ff1410616ee7', NULL, NULL, '我平时喜欢吹牛皮', 'admin', NULL, NULL, NULL, NULL, NULL, '2025-12-18 15:32:35', '2025-12-18 15:32:35', '2026-02-25 11:34:22', 0);
INSERT INTO `user` VALUES (2001915226368913409, 'admin', 'c217c89240bf69d08764ff1410616ee7', '我是老大', '', '', 'admin', NULL, NULL, NULL, NULL, NULL, '2025-12-19 15:19:18', '2025-12-19 15:19:18', '2026-02-25 12:54:56', 0);
INSERT INTO `user` VALUES (2003011936369504258, 'test1', 'c217c89240bf69d08764ff1410616ee7', NULL, NULL, NULL, 'user', NULL, NULL, NULL, NULL, NULL, '2025-12-22 15:57:14', '2025-12-22 15:57:14', '2025-12-22 15:57:14', 0);
INSERT INTO `user` VALUES (2003012479758364673, 'test6', 'c217c89240bf69d08764ff1410616ee7', NULL, NULL, NULL, 'user', NULL, NULL, NULL, NULL, NULL, '2025-12-22 15:59:24', '2025-12-22 15:59:24', '2025-12-22 15:59:24', 0);
INSERT INTO `user` VALUES (2008373936259731458, 'test', 'c217c89240bf69d08764ff1410616ee7', NULL, NULL, NULL, 'user', NULL, NULL, NULL, NULL, NULL, '2026-01-06 11:03:54', '2026-01-06 11:03:54', '2026-01-06 11:03:54', 0);
INSERT INTO `user` VALUES (2008374503631704065, 'test2', 'c217c89240bf69d08764ff1410616ee7', NULL, NULL, NULL, 'user', NULL, NULL, NULL, NULL, NULL, '2026-01-06 11:06:10', '2026-01-06 11:06:10', '2026-01-06 11:06:10', 0);

SET FOREIGN_KEY_CHECKS = 1;
